{"iter": 950, "train/loss": 0.3957161009311676, "val/loss": 0.3978996276855469, "lr": 0.0001425, "mfu": 0.08345712371720736, "_timestamp": 1723674997.618046, "_runtime": 357.3755919933319, "_step": 29, "_wandb": {"runtime": 368}}