Metric,Value
cycle_knn,0.2626262605190277
mutual_knn,0.06464646756649017
cka,0.2085501104593277
svcca,0.7452457522327856
